,HAGRID,Kingdom,Phylum,Class,Order,Family,Genus,Species,Common name,Female maturity (days),Male maturity (days),Gestation/Incubation (days),Weaning (days),Litter/Clutch size,Litters/Clutches per year,Inter-litter/Interbirth interval,Birth weight (g),Adult weight (g),Maximum longevity (yrs),Specimen origin,Sample size,Data quality,Metabolic rate (W),Body mass (g),Temperature (K),residual,mass_specific_BMR
2612,2630,Animalia,Chordata,Mammalia,Peramelemorphia,Peramelidae,Isoodon,obesulus,Southern brown bandicoot,210.0,,15.0,62.0,2.73,2.2,140.0,0.35,700.0,6.5,captivity,small,acceptable,1.238,717.0,307.05,-0.3011218934609289,0.0017266387726638773
2963,2983,Animalia,Chordata,Mammalia,Rodentia,Gliridae,Glis,glis,Fat dormouse,322.0,335.0,25.0,33.0,4.0,1.2,,1.5,125.0,8.7,captivity,small,acceptable,0.664,174.4,310.85,-0.0553049328019179,0.0038073394495412843
2394,2412,Animalia,Chordata,Mammalia,Chiroptera,Vespertilionidae,Myotis,velifer,Cave myotis,365.0,365.0,65.0,43.0,1.0,1.0,365.0,3.2,10.1,11.3,wild,medium,acceptable,0.04,11.9,,0.2323397155167532,0.003361344537815126
2467,2485,Animalia,Chordata,Mammalia,Dasyuromorphia,Myrmecobiidae,Myrmecobius,fasciatus,Numbat,350.0,731.0,14.0,243.0,4.0,,365.0,,471.5,11.0,captivity,small,acceptable,0.907,438.2,305.65,-0.0452984131808029,0.002069831127339115
2899,2919,Animalia,Chordata,Mammalia,Rodentia,Cricetidae,Peromyscus,truei,Pinyon mouse,50.0,,26.0,30.0,3.4,5.0,40.0,2.315,25.0,5.4,captivity,small,acceptable,0.307,33.1,309.85,-0.1510614175529353,0.009274924471299094
3173,3193,Animalia,Chordata,Mammalia,Rodentia,Sciuridae,Xerus,inauris,South African ground squirrel,365.0,365.0,45.0,50.0,2.2,1.0,,20.0,588.0,11.5,captivity,small,acceptable,1.775,528.5,309.95,-0.0412725990323934,0.003358561967833491
2427,2445,Animalia,Chordata,Mammalia,Cingulata,Dasypodidae,Tolypeutes,matacus,Southern three-banded armadillo,320.0,320.0,120.0,55.0,1.0,1.0,,80.0,1500.0,36.8,captivity,small,acceptable,1.172,1160.0,306.15,0.3990744163665347,0.0010103448275862069
3065,3085,Animalia,Chordata,Mammalia,Rodentia,Muridae,Rhabdomys,pumilio,Four-striped grass mouse,42.0,64.0,25.0,14.0,6.0,4.0,29.0,2.67,51.0,4.5,captivity,medium,acceptable,0.179,39.6,310.15,-0.279576976078923,0.00452020202020202
2556,2574,Animalia,Chordata,Mammalia,Diprotodontia,Pseudocheiridae,Pseudocheirus,peregrinus,"Common ringtail, or Ring-tailed possum",365.0,365.0,,180.0,2.0,1.5,200.0,0.3,850.0,10.1,captivity,medium,acceptable,2.27,859.3,310.55,-0.123148978456574,0.0026416850925171653
2818,2838,Animalia,Chordata,Mammalia,Proboscidea,Elephantidae,Elephas,maximus,Asiatic elephant,3287.0,3287.0,644.0,,1.0,0.2,1141.0,107000.0,3178000.0,79.6,captivity,large,acceptable,2336.5,3672000.0,308.95,0.2041880309907389,0.00063630174291939
2499,2517,Animalia,Chordata,Mammalia,Diprotodontia,Macropodidae,Dendrolagus,matschiei,Matschie's tree kangaroo,845.0,,32.0,500.0,1.0,,410.0,,7200.0,26.9,captivity,medium,acceptable,7.96,6960.0,309.45,0.1544346477929008,0.0011436781609195402
2937,2957,Animalia,Chordata,Mammalia,Rodentia,Dipodidae,Jaculus,orientalis,Greater Egyptian jerboa,,,35.0,,2.5,,,,134.0,5.5,captivity,small,acceptable,0.775,139.0,310.15,-0.2592725225403693,0.005575539568345324
2982,3002,Animalia,Chordata,Mammalia,Rodentia,Heteromyidae,Perognathus,longimembris,Little pocket mouse,151.0,,22.0,28.0,5.0,1.25,,0.9,8.0,8.3,captivity,small,acceptable,0.061,8.5,307.85,0.1144688679073042,0.007176470588235294
2664,2683,Animalia,Chordata,Mammalia,Primates,Callitrichidae,Callithrix,jacchus,White-tufted-ear marmoset,477.0,382.0,144.0,62.0,2.0,2.0,169.0,26.5,255.2,22.8,captivity,large,high,0.848,190.0,309.15,0.3137220978597905,0.004463157894736842
2885,2905,Animalia,Chordata,Mammalia,Rodentia,Cricetidae,Neotoma,lepida,Desert woodrat,76.0,76.0,33.0,31.0,3.0,3.0,60.0,8.45,236.0,10.5,captivity,small,acceptable,0.46,112.5,309.95,-0.0176111194503543,0.004088888888888889
2848,2868,Animalia,Chordata,Mammalia,Rodentia,Chinchillidae,Lagostomus,maximus,Plains viscacha,258.0,456.0,154.0,54.0,2.0,1.8,,200.0,6000.0,10.8,captivity,medium,acceptable,10.623,6794.0,309.95,-0.229277688941454,0.0015635855166323226
3170,3190,Animalia,Chordata,Mammalia,Rodentia,Sciuridae,Xerospermophilus,mohavensis,Mohave ground squirrel,,,24.0,36.0,6.0,,,4.5,150.0,7.8,captivity,small,acceptable,0.629,240.0,310.15,-0.1153457705111595,0.0026208333333333335
3194,3214,Animalia,Chordata,Mammalia,Soricomorpha,Soricidae,Crocidura,leucodon,Bicolored shrew,95.0,95.0,30.0,22.0,5.0,,,0.933,11.0,2.9,captivity,small,acceptable,0.166,11.7,308.15,-0.3642474144020893,0.01418803418803419
2048,2063,Animalia,Chordata,Mammalia,Artiodactyla,Tayassuidae,Pecari,tajacu,Collared peccary,329.0,358.0,145.0,49.0,2.0,2.0,155.0,700.0,20200.0,31.5,captivity,large,high,33.165,20500.0,310.65,0.1516087174461946,0.0016178048780487804
2219,2234,Animalia,Chordata,Mammalia,Carnivora,Phocidae,Phoca,vitulina,Harbor seal,1095.0,1460.0,253.0,30.0,1.0,1.0,365.0,11000.0,115000.0,47.6,captivity,medium,acceptable,73.29,27400.0,309.85,0.2105534751434461,0.0026748175182481756
3120,3140,Animalia,Chordata,Mammalia,Rodentia,Sciuridae,Marmota,flaviventris,Yellow-bellied marmot,730.0,730.0,30.0,33.0,4.0,0.9,458.0,33.8,3500.0,21.2,captivity,tiny,acceptable,8.626,4295.0,309.65,0.1009316027803344,0.002008381839348079
2395,2413,Animalia,Chordata,Mammalia,Chiroptera,Vespertilionidae,Myotis,vivesi,Fish-eating bat,,,,,1.0,,,2.82,25.0,10.0,unknown,medium,acceptable,0.199,25.0,309.15,0.1165448226240961,0.00796
2610,2628,Animalia,Chordata,Mammalia,Peramelemorphia,Peramelidae,Isoodon,auratus,Golden bandicoot,171.0,91.0,12.0,,2.6,,,,485.0,6.7,captivity,tiny,acceptable,0.837,428.0,306.95,-0.2625697251919612,0.001955607476635514
2872,2892,Animalia,Chordata,Mammalia,Rodentia,Cricetidae,Microtus,ochrogaster,Prairie vole,47.0,,23.0,20.0,3.8,4.0,26.0,3.02,40.0,5.3,captivity,small,acceptable,0.41,48.2,311.05,-0.1917023629126133,0.00850622406639004
2611,2629,Animalia,Chordata,Mammalia,Peramelemorphia,Peramelidae,Isoodon,macrourus,Northern brown bandicoot,122.0,200.0,12.0,60.0,4.0,2.7,58.0,0.1883,1600.0,6.8,captivity,small,acceptable,3.202,1551.0,309.05,-0.3387303910339297,0.002064474532559639
2875,2895,Animalia,Chordata,Mammalia,Rodentia,Cricetidae,Microtus,pinetorum,Woodland vole,98.0,,21.0,21.0,3.0,2.7,26.0,2.32,25.5,3.8,captivity,small,acceptable,0.305,24.8,311.45,-0.3050418721767463,0.012298387096774194
2170,2185,Animalia,Chordata,Mammalia,Carnivora,Mustelidae,Martes,martes,European pine marten,456.0,426.0,28.0,59.0,4.0,1.0,365.0,30.0,1300.0,18.2,captivity,small,acceptable,4.0,920.0,310.15,0.1032001999129414,0.004347826086956522
2122,2137,Animalia,Chordata,Mammalia,Carnivora,Felidae,Puma,concolor,Cougar,912.0,912.0,92.0,90.0,2.5,0.45,786.0,400.0,63000.0,27.0,captivity,large,acceptable,49.326,37200.0,310.75,0.0059531354198083,0.001325967741935484
3116,3136,Animalia,Chordata,Mammalia,Rodentia,Sciuridae,Ictidomys,tridecemlineatus,Thirteen-lined ground squirrel,354.0,225.0,28.0,33.0,7.0,1.2,,3.24,172.7,7.9,captivity,small,acceptable,0.983,198.4,308.85,-0.1195646351349938,0.004954637096774193
2349,2367,Animalia,Chordata,Mammalia,Chiroptera,Pteropodidae,Pteropus,poliocephalus,Gray-headed flying fox,540.0,540.0,190.0,,1.0,1.0,,80.0,675.0,23.6,captivity,medium,acceptable,1.768,598.0,309.65,0.2613933012991254,0.002956521739130435
2688,2708,Animalia,Chordata,Mammalia,Primates,Cebidae,Saimiri,sciureus,South American squirrel monkey,1003.0,1826.0,161.0,177.0,1.0,1.0,365.0,107.0,925.0,30.2,captivity,large,high,4.429,836.7,311.15,0.346685434637431,0.005293414604995817
2544,2562,Animalia,Chordata,Mammalia,Diprotodontia,Phalangeridae,Trichosurus,vulpecula,Brush-tailed possum,315.0,730.0,17.0,204.0,1.0,1.5,274.0,0.279,2395.0,15.9,captivity,medium,acceptable,3.8,1993.5,309.15,0.0022449786182132,0.0019061951341861048
1956,1970,Animalia,Chordata,Mammalia,Artiodactyla,Bovidae,Oreamnos,americanus,Mountain goat,912.0,912.0,184.0,122.0,1.2,1.0,365.0,3200.0,90000.0,20.8,captivity,small,acceptable,46.414,32000.0,,-0.1320282922753004,0.0014504375000000001
3013,3033,Animalia,Chordata,Mammalia,Rodentia,Muridae,Gerbilliscus,afra,Cape gerbil,152.0,115.0,23.0,,3.9,6.5,,4.5,74.8,5.7,captivity,small,acceptable,1.016,106.5,307.15,-0.2034167234472341,0.009539906103286385
2641,2659,Animalia,Chordata,Mammalia,Pilosa,Myrmecophagidae,Myrmecophaga,tridactyla,Giant anteater,1186.0,1186.0,184.0,56.0,1.0,1.2,,1600.0,28500.0,31.0,captivity,medium,acceptable,14.543,30600.0,305.65,0.1208406068081104,0.0004752614379084967
2325,2343,Animalia,Chordata,Mammalia,Chiroptera,Phyllostomidae,Glossophaga,soricina,Pallas's long-tongued bat,,,106.0,61.0,1.0,2.0,,,10.0,11.0,captivity,large,acceptable,0.164,9.6,308.65,0.2213424947662434,0.017083333333333336
2228,2243,Animalia,Chordata,Mammalia,Carnivora,Procyonidae,Nasua,nasua,South american coati,730.0,730.0,73.0,86.0,4.0,,365.0,140.0,4750.0,23.7,captivity,large,high,5.591,3924.3,309.55,0.1282124548096777,0.0014247126876130774
2844,2864,Animalia,Chordata,Mammalia,Rodentia,Caviidae,Kerodon,rupestris,Rock cavy,151.0,,75.0,35.0,1.5,5.0,86.0,76.0,950.0,12.9,captivity,medium,acceptable,2.011,801.0,311.35,-0.0245771728565444,0.0025106117353308364
2443,2461,Animalia,Chordata,Mammalia,Dasyuromorphia,Dasyuridae,Dasyurus,maculatus,"Tiger quoll, or Australian tiger cat",340.0,340.0,21.0,135.0,3.0,1.0,365.0,,5500.0,6.8,captivity,small,acceptable,3.142,1782.0,310.05,-0.4241715658501276,0.0017631874298540964
2088,2103,Animalia,Chordata,Mammalia,Carnivora,Eupleridae,Fossa,fossana,Malagasy civet,728.0,,82.0,76.0,1.0,,365.0,67.5,1540.0,21.4,captivity,small,acceptable,5.02262,2260.0,311.05,0.1618192802756322,0.0022223982300884956
2165,2180,Animalia,Chordata,Mammalia,Carnivora,Mustelidae,Lutra,lutra,European otter,548.0,548.0,61.0,55.0,2.0,1.0,365.0,110.5,6750.0,18.2,captivity,medium,acceptable,25.104,10000.0,311.25,-0.0107803427912493,0.0025104
2240,2255,Animalia,Chordata,Mammalia,Carnivora,Viverridae,Arctictis,binturong,Binturong,925.0,840.0,92.0,79.0,2.0,2.0,348.0,318.0,12250.0,27.0,captivity,medium,acceptable,12.747,14280.0,309.85,0.1192714964648207,0.0008926470588235294
3088,3108,Animalia,Chordata,Mammalia,Rodentia,Octodontidae,Spalacopus,cyanus,Coruro,,,80.0,,2.4,1.8,,8.9,98.0,10.8,captivity,small,acceptable,0.561,126.2,309.65,0.0554385119266808,0.004445324881141046
2230,2245,Animalia,Chordata,Mammalia,Carnivora,Procyonidae,Procyon,cancrivorus,Crab-eating raccoon,365.0,365.0,63.0,,3.0,,,71.0,6270.0,19.0,captivity,small,acceptable,2.588,1160.0,310.15,0.0130063000622355,0.0022310344827586206
2363,2381,Animalia,Chordata,Mammalia,Chiroptera,Vespertilionidae,Antrozous,pallidus,Pallid bat,365.0,365.0,62.0,50.0,2.0,,,3.1,20.8,14.8,captivity,small,acceptable,0.104,22.0,307.15,0.2995335303960117,0.004727272727272727
2893,2913,Animalia,Chordata,Mammalia,Rodentia,Cricetidae,Peromyscus,crinitus,Canyon mouse,70.0,70.0,24.0,28.0,3.0,2.05,27.0,2.2,16.5,7.7,captivity,small,acceptable,0.162,20.5,308.85,0.031788159167121,0.007902439024390244
2761,2781,Animalia,Chordata,Mammalia,Primates,Galagidae,Galago,moholi,South African galago,146.0,372.0,124.0,,1.4,2.0,182.0,12.3,169.2,16.6,captivity,medium,acceptable,0.285,170.0,,0.2043331475418339,0.001676470588235294
2054,2069,Animalia,Chordata,Mammalia,Carnivora,Ailuridae,Ailurus,fulgens,Red panda,550.0,550.0,116.0,137.0,2.0,1.0,365.0,100.0,4325.0,19.0,captivity,large,high,4.898,5740.0,310.75,0.0387037586880052,0.0008533101045296167
2994,3014,Animalia,Chordata,Mammalia,Rodentia,Muridae,Acomys,cahirinus,Spiny mouse,58.0,59.0,38.0,14.0,3.0,3.5,34.0,5.27,45.2,5.9,captivity,large,high,0.258,42.0,310.65,-0.1535833700516682,0.006142857142857143
2444,2462,Animalia,Chordata,Mammalia,Dasyuromorphia,Dasyuridae,Dasyurus,viverrinus,Eastern quoll,335.0,335.0,20.0,168.0,6.0,1.0,365.0,0.02,1090.0,6.8,captivity,small,acceptable,2.26,945.3,309.05,-0.3121706131821157,0.002390775415212102
2369,2387,Animalia,Chordata,Mammalia,Chiroptera,Vespertilionidae,Eptesicus,fuscus,Big brown bat,547.0,730.0,35.0,,2.0,1.0,365.0,3.9,23.0,19.0,wild,medium,acceptable,0.113,13.3,309.15,0.4010682187364434,0.008496240601503759
2763,2783,Animalia,Chordata,Mammalia,Primates,Galagidae,Galagoides,demidoff,Demidoff's galago,256.0,270.0,111.0,50.0,1.1,1.0,365.0,7.5,60.0,13.4,captivity,small,acceptable,0.372,62.4,,0.1830694121470899,0.005961538461538462
2646,2665,Animalia,Chordata,Mammalia,Primates,Aotidae,Aotus,trivirgatus,Northern night monkey,821.0,730.0,142.0,77.0,1.0,1.4,269.0,88.5,800.0,30.1,captivity,medium,acceptable,2.499,914.5,311.15,0.3552912129143875,0.002732640787315473
2878,2898,Animalia,Chordata,Mammalia,Rodentia,Cricetidae,Myodes,glareolus,Bank vole,47.0,72.0,20.0,20.0,4.3,3.2,21.0,1.82,20.8,4.9,captivity,small,acceptable,0.312,21.5,,-0.180532104970432,0.014511627906976745
2566,2584,Animalia,Chordata,Mammalia,Erinaceomorpha,Erinaceidae,Erinaceus,concolor,Eastern European hedgehog,213.0,253.0,35.0,,4.5,1.5,,22.0,719.0,7.0,captivity,tiny,acceptable,1.937,822.7,308.35,-0.2707903887098318,0.0023544426887079127
2309,2327,Animalia,Chordata,Mammalia,Chiroptera,Megadermatidae,Macroderma,gigas,Australian false vampire bat,365.0,365.0,91.0,,1.0,1.0,,21.6,150.0,22.6,captivity,small,acceptable,0.639,126.0,310.15,0.346668065945761,0.005071428571428571
2712,2732,Animalia,Chordata,Mammalia,Primates,Cercopithecidae,Colobus,guereza,Guereza,1461.0,2192.0,175.0,377.0,1.0,1.0,365.0,397.8,9950.0,35.0,captivity,large,high,17.037,10623.6,310.15,0.2463656217811665,0.0016036936631650288
2335,2353,Animalia,Chordata,Mammalia,Chiroptera,Pteropodidae,Dobsonia,moluccensis,Moluccan naked-backed fruit bat,715.0,,150.0,180.0,1.0,1.0,,55.0,430.0,12.3,captivity,small,acceptable,1.411,312.4,309.95,0.0095894440718944,0.004516645326504482
2855,2875,Animalia,Chordata,Mammalia,Rodentia,Cricetidae,Cricetus,cricetus,Black-bellied hamster,43.0,56.0,20.0,23.0,7.0,2.0,131.0,7.0,506.7,3.6,captivity,small,acceptable,1.251,365.3,312.65,-0.5353708150753995,0.0034245825349028193
2115,2130,Animalia,Chordata,Mammalia,Carnivora,Felidae,Panthera,tigris,Tiger,1268.0,1415.0,105.0,121.0,2.5,0.4,750.0,1190.0,119700.0,26.3,captivity,large,high,133.859,137900.0,310.65,-0.0498695358632574,0.000970696156635243
2803,2823,Animalia,Chordata,Mammalia,Primates,Lorisidae,Perodicticus,potto,Potto,547.0,547.0,170.0,,1.0,1.0,354.0,38.3,919.9,32.4,captivity,small,acceptable,1.942,968.6,309.25,0.377606078634803,0.0020049556060293206
1965,1979,Animalia,Chordata,Mammalia,Artiodactyla,Bovidae,Ovis,canadensis,Bighorn sheep,707.0,749.0,180.0,152.0,1.0,1.0,365.0,4400.0,70275.0,20.6,captivity,medium,acceptable,114.674,67030.8,311.15,-0.1191054025001985,0.0017107657972156084
2891,2911,Animalia,Chordata,Mammalia,Rodentia,Cricetidae,Onychomys,torridus,Southern grasshopper mouse,41.0,41.0,30.0,20.0,3.7,2.7,30.0,2.6,22.0,4.6,captivity,small,acceptable,0.165,19.1,309.15,-0.2118516016801817,0.008638743455497382
2491,2509,Animalia,Chordata,Mammalia,Diprotodontia,Burramyidae,Burramys,parvus,Mountain pygmy possum,320.0,320.0,15.0,60.0,3.5,1.0,365.0,,45.0,12.0,unknown,medium,acceptable,0.205,44.3,309.25,0.1550527271863021,0.004627539503386005
2546,2564,Animalia,Chordata,Mammalia,Diprotodontia,Phascolarctidae,Phascolarctos,cinereus,Koala,646.0,1095.0,31.0,342.0,1.0,1.0,471.0,0.36,9300.0,22.1,captivity,large,high,5.744,4732.4,308.95,0.0513647032524706,0.0012137604598089764
2888,2908,Animalia,Chordata,Mammalia,Rodentia,Cricetidae,Ochrotomys,nuttalli,Golden mouse,,,30.0,21.0,2.7,,25.0,2.7,22.0,8.4,captivity,small,acceptable,0.151,19.5,309.55,0.0496698527001259,0.007743589743589743
2592,2610,Animalia,Chordata,Mammalia,Lagomorpha,Ochotonidae,Ochotona,princeps,American pika,347.0,,30.0,28.0,3.0,2.2,30.0,9.0,100.0,7.0,captivity,small,acceptable,0.932,109.0,313.25,-0.1342851794830678,0.00855045871559633
2483,2501,Animalia,Chordata,Mammalia,Didelphimorphia,Didelphidae,Metachirus,nudicaudatus,Brown four-eyed opossum,,,,,5.0,,365.0,,440.0,3.0,captivity,small,acceptable,1.144,336.0,308.15,-0.6047852288081468,0.0034047619047619044
1874,1888,Animalia,Chordata,Mammalia,Afrosoricida,Tenrecidae,Echinops,telfairi,Lesser hedgehog tenrec,365.0,365.0,55.0,29.0,6.0,1.0,,7.67,180.0,19.0,captivity,medium,acceptable,0.75,116.4,307.85,0.2586970399700854,0.006443298969072165
2583,2601,Animalia,Chordata,Mammalia,Lagomorpha,Leporidae,Oryctolagus,cuniculus,European rabbit,730.0,,30.0,26.0,5.0,4.3,29.0,45.0,1800.0,13.0,captivity,large,acceptable,7.395,2167.9,312.15,-0.0654462377812497,0.0034111351999630978
2344,2362,Animalia,Chordata,Mammalia,Chiroptera,Pteropodidae,Pteropus,giganteus,Indian flying fox,365.0,365.0,145.0,120.0,1.0,1.0,365.0,45.0,1175.0,44.0,captivity,large,high,1.622,562.2,309.85,0.4935770824448302,0.0028850942725008894
2425,2443,Animalia,Chordata,Mammalia,Cingulata,Dasypodidae,Euphractus,sexcinctus,Six-banded armadillo,274.0,274.0,68.0,28.0,2.0,,,105.0,4850.0,22.1,captivity,medium,acceptable,6.901,8190.0,307.35,0.0964147166869804,0.0008426129426129426
2920,2940,Animalia,Chordata,Mammalia,Rodentia,Cuniculidae,Cuniculus,paca,Lowland paca,365.0,365.0,116.0,78.0,1.0,1.5,191.0,680.0,9000.0,16.3,captivity,small,acceptable,15.323,9156.0,310.35,-0.078570993728761,0.0016735474006116208
2059,2074,Animalia,Chordata,Mammalia,Carnivora,Canidae,Canis,latrans,Coyote,274.0,274.0,63.0,60.0,6.0,1.0,365.0,250.0,13250.0,21.8,captivity,medium,acceptable,19.423,10148.9,310.15,0.0209341898066148,0.0019138034663855196
2618,2636,Animalia,Chordata,Mammalia,Perissodactyla,Equidae,Equus,asinus,African wild ass,708.0,1005.0,359.0,,1.0,,,30000.0,164998.0,47.0,captivity,large,high,164.92,177500.0,,0.1800640142711025,0.0009291267605633802
2429,2447,Animalia,Chordata,Mammalia,Cingulata,Dasypodidae,Zaedyus,pichiy,Pichi,320.0,320.0,60.0,42.0,2.0,,,105.0,1500.0,12.5,captivity,small,acceptable,2.192,1740.0,308.35,-0.0698633892989264,0.001259770114942529
2130,2145,Animalia,Chordata,Mammalia,Carnivora,Herpestidae,Galerella,sanguinea,Slender mongoose,365.0,365.0,65.0,55.0,2.0,2.0,182.0,,500.0,12.6,captivity,small,acceptable,2.202,519.6,311.85,0.0096183175756057,0.0042378752886836025
2925,2945,Animalia,Chordata,Mammalia,Rodentia,Dasyproctidae,Dasyprocta,leporina,"Red-rumped agouti, or Agouti",193.0,,112.0,,1.0,,,,3265.0,17.8,captivity,large,high,8.694,2687.0,311.45,0.029825189136508,0.003235578712318571
3109,3129,Animalia,Chordata,Mammalia,Rodentia,Sciuridae,Funisciurus,anerythrus,Thomas's rope squirrel,,,,,1.5,,,,218.0,10.0,captivity,small,acceptable,0.58,63.0,,-0.0333105178437194,0.009206349206349206
1972,1986,Animalia,Chordata,Mammalia,Artiodactyla,Bovidae,Raphicerus,campestris,Steenbok,238.0,243.0,197.0,91.0,1.0,,215.0,920.0,13000.0,9.3,captivity,medium,acceptable,20.619,9600.0,312.55,-0.347721268623541,0.0021478125
1923,1937,Animalia,Chordata,Mammalia,Artiodactyla,Bovidae,Connochaetes,taurinus,Blue wildebeest,411.0,912.0,253.0,278.0,1.0,1.0,365.0,18125.0,164500.0,24.3,captivity,large,high,230.073,196500.0,311.15,-0.1062184012155582,0.001170854961832061
2191,2206,Animalia,Chordata,Mammalia,Carnivora,Nandiniidae,Nandinia,binotata,African palm civet,1095.0,1095.0,64.0,64.0,2.0,2.0,182.0,55.0,1900.0,21.0,captivity,tiny,acceptable,5.565,4270.0,310.55,0.1390883905174154,0.0013032786885245902
2159,2174,Animalia,Chordata,Mammalia,Carnivora,Mustelidae,Gulo,gulo,Wolverine,710.0,776.0,35.0,87.0,3.0,0.5,639.0,95.0,16333.3,19.5,captivity,medium,acceptable,31.765,12700.0,310.15,-0.0419643824686029,0.002501181102362205
1969,1983,Animalia,Chordata,Mammalia,Artiodactyla,Bovidae,Philantomba,monticola,Blue duiker,487.0,685.0,193.0,,1.0,,265.0,800.0,6250.0,15.9,captivity,medium,acceptable,10.075,4200.0,312.55,-0.0641290982500604,0.0023988095238095235
2005,2020,Animalia,Chordata,Mammalia,Artiodactyla,Cervidae,Cervus,elaphus,Red deer,852.0,730.0,245.0,,1.0,0.9,,10100.0,200000.0,31.5,captivity,large,high,112.43,67000.0,308.35,-0.0070357740844635,0.0016780597014925374
2799,2819,Animalia,Chordata,Mammalia,Primates,Lorisidae,Arctocebus,calabarensis,Calabar angwantibo,279.0,270.0,133.0,115.0,1.0,1.5,137.0,26.1,257.5,13.0,captivity,small,acceptable,0.731,206.0,309.15,0.0691097519280088,0.0035485436893203885
2155,2170,Animalia,Chordata,Mammalia,Carnivora,Mustelidae,Eira,barbara,Tayra,700.0,183.0,66.0,75.0,2.0,,,83.0,4500.0,22.3,captivity,medium,acceptable,6.811,2950.0,311.55,0.105510285976152,0.002308813559322034
2327,2345,Animalia,Chordata,Mammalia,Chiroptera,Phyllostomidae,Macrotus,californicus,California leaf-nosed bat,120.0,365.0,270.0,,1.0,,,2.52,11.6,17.0,captivity,small,acceptable,0.082,11.7,308.15,0.4001284443127277,0.007008547008547009
2599,2617,Animalia,Chordata,Mammalia,Macroscelidea,Macroscelididae,Macroscelides,proboscideus,Short-eared elephant shrew,44.0,,65.0,19.0,1.6,,,7.0,40.0,8.7,captivity,medium,acceptable,0.292,39.0,309.35,0.023541020105216,0.007487179487179487
2353,2371,Animalia,Chordata,Mammalia,Chiroptera,Pteropodidae,Pteropus,scapulatus,Little red flying fox,540.0,540.0,,,1.0,1.0,,,300.0,15.8,captivity,small,acceptable,1.353,362.0,310.15,0.1432526926920723,0.0037375690607734805
2423,2441,Animalia,Chordata,Mammalia,Cingulata,Dasypodidae,Dasypus,novemcinctus,Nine-banded armadillo,365.0,365.0,133.0,137.0,4.0,1.0,,66.0,5500.0,22.3,captivity,medium,acceptable,4.655,3413.7,307.65,0.0916243844917967,0.001363623048305358
3064,3084,Animalia,Chordata,Mammalia,Rodentia,Muridae,Rattus,rattus,Rat,90.0,112.0,22.0,26.0,7.3,4.3,36.0,4.55,200.0,4.2,captivity,large,acceptable,0.77,117.0,311.15,-0.4040979501601346,0.006581196581196581
3018,3038,Animalia,Chordata,Mammalia,Rodentia,Muridae,Gerbillus,pyramidum,Greater Egyptian gerbil,74.0,73.0,21.0,21.0,3.3,5.0,,2.5,37.0,8.2,captivity,small,acceptable,0.454,108.5,309.25,0.0032303601532625,0.004184331797235023
2438,2456,Animalia,Chordata,Mammalia,Dasyuromorphia,Dasyuridae,Dasycercus,cristicauda,Mulgara,315.0,315.0,38.0,121.0,7.0,1.0,365.0,,115.0,7.4,captivity,small,acceptable,0.26,91.0,310.85,-0.1198226705300418,0.002857142857142857
2186,2201,Animalia,Chordata,Mammalia,Carnivora,Mustelidae,Neovison,vison,American mink,334.0,371.0,42.0,49.0,4.5,1.0,365.0,8.5,925.0,11.4,captivity,small,acceptable,2.722,660.0,312.15,-0.0764166569832467,0.004124242424242424
2305,2323,Animalia,Chordata,Mammalia,Chiroptera,Emballonuridae,Saccopteryx,bilineata,Greater sac-winged bat,365.0,,,60.0,1.0,1.0,,3.49,7.9,6.0,wild,medium,acceptable,0.081,7.8,308.65,-0.0255875543653192,0.010384615384615384
3093,3113,Animalia,Chordata,Mammalia,Rodentia,Sciuridae,Ammospermophilus,leucurus,White-tailed antelope squirrel,365.0,365.0,29.0,66.0,8.0,1.3,,3.21,105.0,11.2,captivity,small,acceptable,0.511,94.1,310.65,0.0664586479674246,0.005430393198724761
2516,2534,Animalia,Chordata,Mammalia,Diprotodontia,Macropodidae,Macropus,robustus,Wallaroo,547.0,670.0,32.0,351.0,1.0,,264.0,0.703,30000.0,22.0,captivity,medium,acceptable,33.056,29647.9,309.25,-0.0316477716508301,0.0011149524924193618
3004,3024,Animalia,Chordata,Mammalia,Rodentia,Muridae,Apodemus,sylvaticus,Long-tailed field mouse,71.0,65.0,23.0,21.0,5.2,3.8,41.0,1.5,23.4,6.3,captivity,medium,acceptable,0.264,23.8,309.85,-0.0795379218932843,0.011092436974789916
2436,2454,Animalia,Chordata,Mammalia,Dasyuromorphia,Dasyuridae,Antechinus,stuartii,Brown antechinus,285.0,285.0,30.0,106.0,7.0,1.0,365.0,0.016,27.5,5.4,captivity,small,acceptable,0.189,25.0,308.25,-0.1576566394619991,0.00756
2180,2195,Animalia,Chordata,Mammalia,Carnivora,Mustelidae,Mustela,frenata,Long-tailed weasel,162.0,365.0,25.0,37.0,6.2,1.0,365.0,3.1,150.6,8.8,captivity,tiny,acceptable,1.344,225.0,312.15,-0.0632339387649281,0.005973333333333334
2769,2789,Animalia,Chordata,Mammalia,Primates,Hominidae,Homo,sapiens,Human,4745.0,5110.0,280.0,,1.0,0.3,639.0,3312.5,62035.0,122.5,captivity,huge,high,82.78,70000.0,310.15,0.663793590808986,0.0011825714285714287
2329,2347,Animalia,Chordata,Mammalia,Chiroptera,Phyllostomidae,Phyllostomus,discolor,Pale spear-nosed bat,,,105.0,,1.0,,,7.0,43.4,9.0,wild,medium,acceptable,0.267,33.5,307.75,0.032619149420569,0.007970149253731344
2485,2503,Animalia,Chordata,Mammalia,Didelphimorphia,Didelphidae,Monodelphis,brevicaudata,"Northern red-sided opossum, or Short bare-tailed opossum",180.0,180.0,,,7.0,1.5,,,90.0,3.9,captivity,tiny,acceptable,0.366,91.5,306.85,-0.3810279328955339,0.004
2426,2444,Animalia,Chordata,Mammalia,Cingulata,Dasypodidae,Priodontes,maximus,Giant armadillo,320.0,320.0,122.0,35.0,1.5,,,62.15,33000.0,15.0,captivity,small,acceptable,16.892,45190.0,306.75,-0.2045744153264186,0.00037379951316662976
2442,2460,Animalia,Chordata,Mammalia,Dasyuromorphia,Dasyuridae,Dasyurus,hallucatus,Northern quoll,315.0,315.0,,90.0,6.8,1.0,365.0,,525.0,5.9,captivity,small,acceptable,1.501,571.0,309.05,-0.3232763711052453,0.0026287215411558667
2947,2967,Animalia,Chordata,Mammalia,Rodentia,Echimyidae,Proechimys,semispinosus,"Tome's spiny rat, or Spiny rat",146.0,146.0,64.0,21.0,2.4,4.68,,23.0,500.0,5.8,captivity,small,acceptable,1.75,498.0,311.05,-0.32732423397902,0.0035140562248995983
3185,3205,Animalia,Chordata,Mammalia,Scandentia,Tupaiidae,Urogale,everetti,Mindanao tree shrew,,,55.0,38.0,2.0,,,20.0,350.0,11.5,captivity,small,acceptable,1.25,260.6,309.15,-0.0053733886894624,0.004796623177283192
2841,2861,Animalia,Chordata,Mammalia,Rodentia,Caviidae,Galea,musteloides,Common yellow-toothed cavy,66.0,60.0,54.0,39.0,2.63,7.0,53.0,37.99,337.9,3.5,captivity,small,acceptable,1.473,322.0,310.45,-0.5195685994976802,0.0045745341614906836
2892,2912,Animalia,Chordata,Mammalia,Rodentia,Cricetidae,Peromyscus,californicus,California mouse,46.0,,30.0,30.0,2.0,4.6,24.0,4.46,42.0,5.5,captivity,small,acceptable,0.267,47.0,309.55,-0.1789916982245908,0.005680851063829788
2062,2077,Animalia,Chordata,Mammalia,Carnivora,Canidae,Cerdocyon,thous,Crab-eating fox,274.0,274.0,55.0,90.0,4.0,1.9,243.0,140.0,6500.0,12.7,captivity,small,acceptable,8.502,5444.0,311.35,-0.1644364751608089,0.0015617193240264513
3174,3194,Animalia,Chordata,Mammalia,Rodentia,Spalacidae,Cannomys,badius,Lesser bamboo rat,,,42.0,61.0,1.8,,,7.0,650.0,4.8,captivity,small,acceptable,0.96,344.0,309.15,-0.4276659296358356,0.0027906976744186047
2455,2473,Animalia,Chordata,Mammalia,Dasyuromorphia,Dasyuridae,Pseudantechinus,macdonnellensis,Fat-tailed marsupial mouse,350.0,350.0,43.0,106.0,6.0,1.0,365.0,0.0123,32.5,7.0,captivity,small,acceptable,0.152,43.1,307.35,-0.0565120768311125,0.0035266821345707653
1881,1895,Animalia,Chordata,Mammalia,Artiodactyla,Antilocapridae,Antilocapra,americana,Pronghorn,547.0,547.0,235.0,91.0,2.0,1.0,365.0,3000.0,46100.0,17.0,captivity,medium,acceptable,50.973,34779.3,311.15,-0.1733498351920885,0.0014656131664524587
2584,2602,Animalia,Chordata,Mammalia,Lagomorpha,Leporidae,Sylvilagus,audubonii,Audubon's cottontail rabbit,164.0,107.0,29.0,28.0,3.0,5.0,,34.5,900.0,7.8,captivity,small,acceptable,2.506,686.9,311.45,-0.2393309663368956,0.003648274858057941
2430,2448,Animalia,Chordata,Mammalia,Dasyuromorphia,Dasyuridae,Antechinomys,laniger,Kultarr,350.0,350.0,12.0,90.0,6.0,1.5,183.0,,24.0,3.5,captivity,small,acceptable,0.141,25.8,308.95,-0.3365623548835199,0.005465116279069767
3215,3235,Animalia,Chordata,Mammalia,Soricomorpha,Soricidae,Suncus,murinus,Asian house shrew,36.0,36.0,30.0,19.0,3.0,9.8,56.0,2.68,45.9,3.2,captivity,small,acceptable,0.403,39.7,311.85,-0.4203488319590692,0.010151133501259445
2493,2511,Animalia,Chordata,Mammalia,Diprotodontia,Burramyidae,Cercartetus,nanus,Eastern pygmy possum,190.0,190.0,,62.0,4.0,2.0,95.0,0.0198,40.0,10.3,captivity,small,acceptable,0.311,64.8,308.75,0.0968589921917698,0.004799382716049383
2553,2571,Animalia,Chordata,Mammalia,Diprotodontia,Potoroidae,Potorous,tridactylus,Long-nosed potoroo,400.0,,30.0,154.0,1.0,2.0,145.0,0.333,1430.0,14.5,captivity,medium,acceptable,2.556,1045.5,309.05,-0.002098407746222,0.0024447632711621235
2868,2888,Animalia,Chordata,Mammalia,Rodentia,Cricetidae,Microtus,arvalis,Common vole,38.0,56.0,21.0,20.0,5.1,5.5,20.0,1.85,27.5,4.8,captivity,small,acceptable,0.343,21.9,310.15,-0.2088091619093804,0.015662100456621007
1879,1893,Animalia,Chordata,Mammalia,Afrosoricida,Tenrecidae,Setifer,setosus,Greater hedgehog tenrec,198.0,258.0,54.0,24.0,3.0,1.0,,24.7,225.0,14.1,captivity,medium,acceptable,0.573,427.6,305.35,0.1137215857494244,0.0013400374181478014
2504,2522,Animalia,Chordata,Mammalia,Diprotodontia,Macropodidae,Lagorchestes,conspicillatus,Spectacled hare-wallaby,363.0,,30.0,204.0,1.0,,153.0,,3000.0,8.8,captivity,small,acceptable,4.749,2660.0,309.15,-0.2702547512175246,0.0017853383458646616
3114,3134,Animalia,Chordata,Mammalia,Rodentia,Sciuridae,Glaucomys,volans,Southern flying squirrel,210.0,,40.0,58.0,4.0,1.3,134.0,3.35,65.4,19.0,captivity,medium,acceptable,0.414,67.4,312.15,0.3287549374494267,0.006142433234421364
2832,2852,Animalia,Chordata,Mammalia,Rodentia,Capromyidae,Geocapromys,brownii,Brown's hutia,365.0,,123.0,,2.0,2.0,168.0,,1500.0,13.5,captivity,small,acceptable,4.11,2456.0,309.15,-0.0364396338119767,0.0016734527687296418
3037,3057,Animalia,Chordata,Mammalia,Rodentia,Muridae,Micromys,minutus,Old World harvest mouse,40.0,37.0,20.0,18.0,5.2,2.6,21.0,0.9,6.0,3.8,captivity,large,acceptable,0.201,7.6,311.15,-0.2049187604955646,0.026447368421052636
2650,2669,Animalia,Chordata,Mammalia,Primates,Atelidae,Alouatta,palliata,Mantled howler monkey,1095.0,1278.0,186.0,433.0,1.0,0.6,384.0,409.0,7000.0,24.0,captivity,small,acceptable,11.464,4670.0,309.15,0.1068429625024784,0.0024548179871520344
2906,2926,Animalia,Chordata,Mammalia,Rodentia,Cricetidae,Reithrodon,auritus,"Bunny, or Coney rat",61.0,,,,4.5,,,,72.2,5.5,captivity,small,acceptable,0.428,78.7,,-0.2164808331861206,0.005438373570520965
2475,2493,Animalia,Chordata,Mammalia,Didelphimorphia,Didelphidae,Didelphis,marsupialis,Southern opossum,178.0,240.0,12.0,94.0,6.0,2.0,200.0,0.2,1530.0,4.2,captivity,small,acceptable,3.31,1244.3,308.15,-0.544894403326735,0.0026601301936831955
2643,2661,Animalia,Chordata,Mammalia,Pilosa,Myrmecophagidae,Tamandua,tetradactyla,Southern tamandua,365.0,,160.0,,1.0,1.4,,,4500.0,19.0,captivity,medium,acceptable,5.015,3500.0,306.65,0.0359590238808202,0.0014328571428571428
2606,2624,Animalia,Chordata,Mammalia,Monotremata,Tachyglossidae,Zaglossus,bruijni,"Western long-beaked echidna, or Long-nosed echidna",,,10.0,152.0,1.0,,,,7500.0,41.2,captivity,tiny,acceptable,6.493,11848.6,303.95,0.336754805681519,0.0005479972317404588
3015,3035,Animalia,Chordata,Mammalia,Rodentia,Muridae,Gerbillus,gerbillus,Lesser Egyptian gerbil,,,,,4.1,,,,30.0,5.9,captivity,small,acceptable,0.237,29.7,310.35,-0.1252193535148631,0.00797979797979798
3067,3087,Animalia,Chordata,Mammalia,Rodentia,Muridae,Sekeetamys,calurus,Bushy-tailed jird,,,,,2.9,,,,65.0,7.3,captivity,medium,acceptable,0.274,63.6,310.65,-0.0862512777856239,0.004308176100628931
2253,2268,Animalia,Chordata,Mammalia,Carnivora,Viverridae,Paradoxurus,hermaphroditus,Asian palm civet,341.0,,60.0,,3.4,2.0,182.0,88.65,3100.0,24.5,captivity,tiny,acceptable,5.534,3282.6,309.65,0.1721596886969181,0.0016858587704868093
2568,2586,Animalia,Chordata,Mammalia,Erinaceomorpha,Erinaceidae,Hemiechinus,auritus,Long-eared hedgehog,213.0,,39.0,36.0,4.0,1.0,365.0,10.0,342.0,7.6,captivity,small,acceptable,0.845,398.5,306.95,-0.1836576243157883,0.002120451693851945
2511,2529,Animalia,Chordata,Mammalia,Diprotodontia,Macropodidae,Macropus,eugenii,Tammar wallaby,274.0,730.0,28.0,325.0,1.0,1.0,365.0,0.429,6500.0,15.1,captivity,medium,acceptable,7.78,4796.0,309.65,-0.0892632488235962,0.001622185154295246
3142,3162,Animalia,Chordata,Mammalia,Rodentia,Sciuridae,Sciurus,carolinensis,Eastern gray squirrel,343.0,401.0,44.0,66.0,4.0,2.0,,15.0,533.0,23.6,captivity,small,acceptable,2.062,440.0,311.85,0.2777371359253064,0.004686363636363636
3202,3222,Animalia,Chordata,Mammalia,Soricomorpha,Soricidae,Sorex,araneus,Eurasian shrew,198.0,335.0,21.0,25.0,6.0,1.9,40.0,0.44,9.0,3.2,captivity,small,acceptable,0.348,8.4,308.15,-0.307609532496784,0.041428571428571426
2478,2496,Animalia,Chordata,Mammalia,Didelphimorphia,Didelphidae,Lutreolina,crassicaudata,Lutrine opossum,183.0,183.0,14.0,,8.0,2.0,,,370.0,2.9,captivity,small,acceptable,2.265,812.0,308.95,-0.6075185234368412,0.002789408866995074
3032,3052,Animalia,Chordata,Mammalia,Rodentia,Muridae,Meriones,unguiculatus,Mongolian jird,43.0,36.0,25.0,24.0,5.0,4.0,46.0,3.0,53.2,6.3,captivity,medium,acceptable,0.546,64.8,311.35,-0.1363713401747739,0.008425925925925927
3086,3106,Animalia,Chordata,Mammalia,Rodentia,Octodontidae,Octodon,degus,Degu,182.0,182.0,90.0,36.0,6.0,1.8,,14.0,235.0,14.0,captivity,large,acceptable,0.958,199.6,310.75,0.1076214496815133,0.004799599198396794
3102,3122,Animalia,Chordata,Mammalia,Rodentia,Sciuridae,Callospermophilus,lateralis,Golden-mantled ground squirrel,637.0,,30.0,37.0,5.12,0.94,,6.26,157.6,10.4,captivity,small,acceptable,0.967,249.6,309.45,0.0061728899411217,0.003874198717948718
2843,2863,Animalia,Chordata,Mammalia,Rodentia,Caviidae,Hydrochoerus,hydrochaeris,Capybara,456.0,456.0,150.0,103.0,4.8,1.25,245.0,1500.0,55000.0,15.1,captivity,large,high,36.754,26385.0,310.25,-0.2370365603685373,0.0013929884404017432
2070,2085,Animalia,Chordata,Mammalia,Carnivora,Canidae,Lycaon,pictus,African wild dog,639.0,639.0,72.0,91.0,8.0,1.0,362.0,318.0,26500.0,17.0,captivity,large,high,33.01,8750.0,,-0.1350374034804264,0.0037725714285714285
2967,2987,Animalia,Chordata,Mammalia,Rodentia,Heteromyidae,Chaetodipus,fallax,San Diego pocket mouse,166.0,166.0,25.0,,3.0,1.0,,,18.7,8.3,captivity,small,acceptable,0.15,19.6,305.75,0.0557145553777691,0.007653061224489795
2882,2902,Animalia,Chordata,Mammalia,Rodentia,Cricetidae,Neotoma,albigula,White-throated woodrat,84.0,101.0,29.0,43.0,2.0,2.0,49.0,11.5,209.0,9.5,captivity,small,acceptable,0.735,177.6,309.15,-0.0526694917313769,0.004138513513513514
2536,2554,Animalia,Chordata,Mammalia,Diprotodontia,Petauridae,Petaurus,breviceps,Sugar glider,236.0,456.0,16.0,122.0,2.0,1.3,311.0,0.194,110.0,17.8,captivity,large,high,0.517,129.3,309.05,0.2644415609025057,0.0039984532095901
2408,2426,Animalia,Chordata,Mammalia,Chiroptera,Vespertilionidae,Plecotus,auritus,Brown big-eared bat,365.0,365.0,65.0,42.0,1.33,1.0,365.0,2.09,7.8,30.0,wild,medium,acceptable,0.082,10.2,307.15,0.674263958137822,0.00803921568627451
2676,2695,Animalia,Chordata,Mammalia,Primates,Callitrichidae,Saguinus,geoffroyi,Geoffroy's tamarin,548.0,550.0,142.0,56.0,2.0,,241.0,46.03,499.3,20.5,captivity,medium,acceptable,1.305,225.0,,0.2210985778281178,0.0058
2318,2336,Animalia,Chordata,Mammalia,Chiroptera,Noctilionidae,Noctilio,leporinus,Greater bulldog bat,365.0,365.0,35.0,,1.0,1.0,,,50.0,11.8,captivity,medium,acceptable,0.4,61.0,306.95,0.1404628088695112,0.006557377049180328
2420,2438,Animalia,Chordata,Mammalia,Cingulata,Dasypodidae,Chaetophractus,vellerosus,Screaming hairy armadillo,,,,,,,,,840.0,16.2,captivity,small,acceptable,1.707,1110.0,307.55,0.082863576657743,0.001537837837837838
2045,2060,Animalia,Chordata,Mammalia,Artiodactyla,Suidae,Sus,scrofa,Wild boar,334.0,768.0,115.0,,7.0,1.5,230.0,960.0,130000.0,27.0,captivity,large,high,104.15,135000.0,312.15,-0.0441734821238317,0.0007714814814814815
2856,2876,Animalia,Chordata,Mammalia,Rodentia,Cricetidae,Dicrostonyx,groenlandicus,Collared lemming,40.0,85.0,20.0,16.0,3.4,8.5,26.0,4.35,66.0,3.3,unknown,medium,acceptable,0.459,56.8,311.55,-0.4321166682488941,0.008080985915492958
2930,2950,Animalia,Chordata,Mammalia,Rodentia,Dasyproctidae,Myoprocta,acouchy,Red acouchi,304.0,304.0,99.0,53.0,2.0,,,100.0,775.0,14.8,captivity,small,acceptable,2.804,914.0,308.55,0.0491833618487638,0.0030678336980306344
2547,2565,Animalia,Chordata,Mammalia,Diprotodontia,Potoroidae,Aepyprymnus,rufescens,Rufous 'rat'-kangaroo,333.0,380.0,23.0,162.0,1.0,3.0,115.0,,3250.0,12.8,captivity,tiny,acceptable,5.978,2820.0,,-0.113066205408187,0.0021198581560283687
2449,2467,Animalia,Chordata,Mammalia,Dasyuromorphia,Dasyuridae,Phascogale,tapoatafa,Brush-tailed phascogale,365.0,365.0,29.0,122.0,6.4,1.0,365.0,,193.5,5.9,captivity,small,acceptable,0.694,153.7,310.55,-0.2542089550893573,0.0045152895250487966
2352,2370,Animalia,Chordata,Mammalia,Chiroptera,Pteropodidae,Pteropus,rodricensis,Rodriguez flying fox,755.0,,198.0,,1.0,1.0,,45.0,350.0,28.0,captivity,large,acceptable,0.753,254.5,309.65,0.3810868022991451,0.0029587426326129667
3079,3099,Animalia,Chordata,Mammalia,Rodentia,Nesomyidae,Cricetomys,gambianus,Gambian rat,158.0,,34.0,31.0,3.5,3.75,,25.7,1500.0,8.4,captivity,small,acceptable,6.024,1686.7,308.75,-0.2424941162451012,0.0035714709195470446
2330,2348,Animalia,Chordata,Mammalia,Chiroptera,Phyllostomidae,Phyllostomus,hastatus,Greater spear-nosed bat,730.0,730.0,120.0,,1.0,1.0,,15.9,81.0,18.0,wild,medium,acceptable,0.559,84.2,307.85,0.2904706447565643,0.00663895486935867
2956,2976,Animalia,Chordata,Mammalia,Rodentia,Geomyidae,Thomomys,bottae,Botta's pocket gopher,319.0,319.0,19.0,38.0,5.5,1.0,,3.3,115.5,6.1,captivity,small,acceptable,0.67,143.0,309.15,-0.2040247616010536,0.0046853146853146855
2241,2256,Animalia,Chordata,Mammalia,Carnivora,Viverridae,Arctogalidia,trivirgata,Small-toothed palm civet,1095.0,,45.0,61.0,2.5,2.0,182.0,,2250.0,16.1,captivity,small,acceptable,3.085,2010.0,309.35,0.0119953200205513,0.0015348258706467661
2735,2755,Animalia,Chordata,Mammalia,Primates,Cercopithecidae,Papio,hamadryas,Hamadryas baboon,1514.0,1762.0,171.0,300.0,1.0,0.8,568.0,814.0,18000.0,37.5,captivity,large,high,21.095,12670.8,311.15,0.2353086485342894,0.0016648514695204724
3177,3197,Animalia,Chordata,Mammalia,Rodentia,Spalacidae,Spalax,ehrenbergi,Palestine mole rat,,,29.0,,3.0,1.0,,,160.0,20.2,captivity,small,acceptable,0.585,133.8,308.7,0.2934450948118006,0.00437219730941704
3061,3081,Animalia,Chordata,Mammalia,Rodentia,Muridae,Rattus,fuscipes,Bush rat,107.0,90.0,26.0,30.0,5.0,3.3,,4.5,130.0,5.3,captivity,small,acceptable,0.471,76.0,310.65,-0.2732622893660011,0.006197368421052631
2250,2265,Animalia,Chordata,Mammalia,Carnivora,Viverridae,Genetta,tigrina,Large-spotted genet,1461.0,,70.0,59.0,2.5,2.0,304.0,71.5,1820.0,21.3,captivity,small,acceptable,4.189,1699.0,310.15,0.1482253928047774,0.0024655679811653912
2174,2189,Animalia,Chordata,Mammalia,Carnivora,Mustelidae,Meles,meles,"European badger, or Old World badger",365.0,365.0,49.0,90.0,3.0,1.0,365.0,80.0,13000.0,18.6,captivity,medium,acceptable,16.647,11050.0,310.15,-0.0466912729595598,0.0015065158371040722
2609,2627,Animalia,Chordata,Mammalia,Peramelemorphia,Peramelidae,Echymipera,rufescens,Long-nosed echymipera,,,,,2.2,,,,1250.0,3.1,captivity,small,acceptable,2.255,886.6,308.05,-0.6627955206916067,0.002543424317617866
3069,3089,Animalia,Chordata,Mammalia,Rodentia,Muridae,Tatera,indica,Indian gerbil,77.0,91.0,26.0,24.0,5.4,4.2,48.0,3.0,146.7,7.0,captivity,small,acceptable,0.422,86.9,309.15,-0.1608029936560649,0.004856156501726121
2762,2782,Animalia,Chordata,Mammalia,Primates,Galagidae,Galago,senegalensis,Senegal galago,240.0,300.0,126.0,89.0,1.5,2.0,225.0,12.2,192.2,17.1,captivity,medium,acceptable,0.764,171.5,311.05,0.2084016048095682,0.004454810495626823
3063,3083,Animalia,Chordata,Mammalia,Rodentia,Muridae,Rattus,norvegicus,Norway rat,90.0,70.0,21.0,,9.9,3.7,,5.81,300.0,3.8,captivity,large,acceptable,1.404,206.9,310.25,-0.4756207976455402,0.006785886901884968
2146,2161,Animalia,Chordata,Mammalia,Carnivora,Hyaenidae,Proteles,cristata,Aardwolf,631.0,,84.0,132.0,2.5,,,275.0,10000.0,20.0,captivity,small,acceptable,11.563,7902.6,309.55,0.0029807179559706,0.0014631893300938931
1947,1961,Animalia,Chordata,Mammalia,Artiodactyla,Bovidae,Madoqua,kirkii,Kirk's dik-dik,213.0,304.0,172.0,71.0,1.0,2.0,244.0,600.0,5000.0,17.3,captivity,medium,acceptable,11.966,4290.0,312.15,-0.0120391535185047,0.002789277389277389
2459,2477,Animalia,Chordata,Mammalia,Dasyuromorphia,Dasyuridae,Sminthopsis,crassicaudata,Fat-tailed dunnart,115.0,159.0,14.0,69.0,7.0,2.0,94.0,0.01,15.0,5.0,captivity,small,acceptable,0.121,16.0,308.35,-0.1491373397602781,0.0075625
2106,2121,Animalia,Chordata,Mammalia,Carnivora,Felidae,Leptailurus,serval,Serval,821.0,,70.0,128.0,2.5,2.5,176.0,263.0,13350.0,22.4,captivity,large,high,1.44,1012.0,,0.0322054304661043,0.0014229249011857706
3152,3172,Animalia,Chordata,Mammalia,Rodentia,Sciuridae,Spermophilus,citellus,European ground squirrel,314.0,314.0,27.0,34.0,6.0,1.3,,,217.0,6.7,captivity,medium,acceptable,1.272,240.0,310.65,-0.2069175653625619,0.0053
2950,2970,Animalia,Chordata,Mammalia,Rodentia,Erethizontidae,Erethizon,dorsatus,North American porcupine,1095.0,1095.0,210.0,,1.0,1.0,,500.0,8600.0,23.4,captivity,medium,acceptable,13.675,6871.0,309.15,0.0816031398765857,0.001990248872071023
2975,2995,Animalia,Chordata,Mammalia,Rodentia,Heteromyidae,Dipodomys,ordii,Ord's kangaroo rat,61.0,,29.0,34.0,3.0,2.0,143.0,5.0,57.0,9.9,captivity,small,acceptable,0.339,47.8,307.75,0.0551491738267062,0.007092050209205022
3089,3109,Animalia,Chordata,Mammalia,Rodentia,Pedetidae,Pedetes,capensis,"South African springhare, or Springhare",1034.0,,80.0,46.0,1.0,3.6,101.0,275.0,3500.0,20.0,captivity,small,acceptable,4.427,2300.0,309.05,0.0756257375155642,0.001924782608695652
2578,2596,Animalia,Chordata,Mammalia,Lagomorpha,Leporidae,Lepus,californicus,Black-tailed jackrabbit,243.0,,44.0,41.0,1.0,3.7,,84.34,4175.0,11.8,captivity,tiny,acceptable,7.314,2300.0,312.35,-0.1657253182600615,0.00318
1878,1892,Animalia,Chordata,Mammalia,Afrosoricida,Tenrecidae,Microgale,talazaci,Talazac's shrew tenrec,639.0,639.0,61.0,29.0,2.0,,,3.6,50.0,5.8,captivity,small,acceptable,0.243,44.0,303.95,-0.167991204873677,0.005522727272727273
2234,2249,Animalia,Chordata,Mammalia,Carnivora,Ursidae,Melursus,ursinus,Sloth bear,1095.0,1095.0,198.0,76.0,1.5,,1095.0,400.0,100000.0,33.3,captivity,medium,acceptable,47.064,66957.0,,0.0650619266929661,0.0007028988753976432
2596,2614,Animalia,Chordata,Mammalia,Macroscelidea,Macroscelididae,Elephantulus,intufi,"Bushveld elephant shrew, or Long-eared elephant shrew",335.0,183.0,52.0,38.0,1.6,,67.0,10.0,52.0,9.3,captivity,small,acceptable,0.29,46.5,310.35,0.034349776571067,0.006236559139784946
2052,2067,Animalia,Chordata,Mammalia,Artiodactyla,Tragulidae,Tragulus,javanicus,Lesser mouse-deer,167.0,167.0,144.0,84.0,1.0,,,370.0,2850.0,14.0,captivity,medium,acceptable,4.883,1615.5,311.55,-0.0650600222425812,0.0030225936242649337
2103,2118,Animalia,Chordata,Mammalia,Carnivora,Felidae,Leopardus,pardalis,Ocelot,600.0,600.0,77.0,106.0,2.0,1.0,452.0,255.5,8800.0,28.2,captivity,medium,acceptable,17.368,10500.0,311.15,0.1610455746254986,0.001654095238095238
2178,2193,Animalia,Chordata,Mammalia,Carnivora,Mustelidae,Mustela,erminea,Ermine,95.0,365.0,43.0,45.0,6.77,1.0,365.0,2.3,110.3,12.5,captivity,small,acceptable,1.276,125.5,312.75,0.1107431081479241,0.010167330677290837
2453,2471,Animalia,Chordata,Mammalia,Dasyuromorphia,Dasyuridae,Planigale,tenuirostris,Narrow-nosed planigale,240.0,,19.0,95.0,6.0,2.0,332.0,,5.3,5.2,captivity,small,acceptable,0.063,7.1,307.65,-0.0601148858632395,0.00887323943661972
3159,3179,Animalia,Chordata,Mammalia,Rodentia,Sciuridae,Tamias,minimus,Least chipmunk,365.0,365.0,30.0,44.0,4.9,1.0,365.0,2.3,44.1,10.0,captivity,small,acceptable,0.349,49.3,310.15,0.077269457075733,0.007079107505070994
2640,2658,Animalia,Chordata,Mammalia,Pilosa,Megalonychidae,Choloepus,hoffmanni,Hoffmann's two-toed sloth,730.0,1095.0,350.0,21.0,1.0,0.7,456.0,402.0,6250.0,41.0,captivity,medium,acceptable,3.891,4005.2,307.55,0.3472576341492235,0.000971487066813143
2003,2018,Animalia,Chordata,Mammalia,Artiodactyla,Cervidae,Capreolus,capreolus,Western roe deer,413.0,655.0,153.0,,1.6,1.0,365.0,1010.0,21666.7,17.5,captivity,medium,acceptable,46.347,21500.0,311.15,-0.1085141082283303,0.002155674418604651
2469,2487,Animalia,Chordata,Mammalia,Didelphimorphia,Didelphidae,Caluromys,derbianus,Central American woolly opossum,240.0,240.0,21.0,,3.0,,,,330.0,8.7,captivity,small,acceptable,1.194,342.7,308.15,-0.1224803635527955,0.003484096877735629
2156,2171,Animalia,Chordata,Mammalia,Carnivora,Mustelidae,Enhydra,lutris,Sea otter,974.0,1369.0,140.0,175.0,1.0,0.8,548.0,1868.0,25850.0,27.0,captivity,medium,acceptable,98.479,26832.8,310.65,0.067595898042513,0.0036700977907635434
2320,2338,Animalia,Chordata,Mammalia,Chiroptera,Phyllostomidae,Artibeus,jamaicensis,Jamaican fruit-eating bat,289.0,289.0,76.0,,1.0,2.0,,5.9,42.2,19.2,captivity,large,acceptable,0.359,46.1,309.55,0.3636181113625583,0.007787418655097613
1992,2006,Animalia,Chordata,Mammalia,Artiodactyla,Camelidae,Camelus,dromedarius,Dromedary,1095.0,2191.0,405.0,500.0,1.0,0.7,607.0,37000.0,434000.0,28.4,captivity,medium,acceptable,224.779,407000.0,310.65,-0.1056371363930896,0.0005522825552825553
3105,3125,Animalia,Chordata,Mammalia,Rodentia,Sciuridae,Cynomys,ludovicianus,Black-tailed prairie dog,730.0,730.0,30.0,63.0,4.0,1.0,365.0,15.75,1125.0,15.0,captivity,large,acceptable,2.358,1112.3,,0.0292247241050933,0.0021199316731097726
2604,2622,Animalia,Chordata,Mammalia,Monotremata,Ornithorhynchidae,Ornithorhynchus,anatinus,Duck-billed platypus,548.0,548.0,17.0,106.0,2.0,,365.0,,1250.0,22.6,captivity,small,acceptable,1.931,1030.3,307.15,0.1999512246215216,0.0018742113947393965
2863,2883,Animalia,Chordata,Mammalia,Rodentia,Cricetidae,Lemmus,lemmus,Norway lemming,24.0,44.0,19.0,15.0,7.0,2.5,26.0,3.8,70.0,3.3,captivity,small,acceptable,1.071,80.0,310.95,-0.4361882811205541,0.0133875
1993,2007,Animalia,Chordata,Mammalia,Artiodactyla,Camelidae,Lama,glama,Llama,800.0,800.0,330.0,,1.0,1.0,,11000.0,140000.0,28.9,captivity,large,high,148.94,115000.0,311.45,-0.019767486618633,0.0012951304347826086
3011,3031,Animalia,Chordata,Mammalia,Rodentia,Muridae,Desmodillus,auricularis,Cape short-eared gerbil,,,29.0,33.0,3.3,,,3.12,54.5,6.1,captivity,small,acceptable,0.49,71.9,309.05,-0.1520526407115316,0.0068150208623087615
2897,2917,Animalia,Chordata,Mammalia,Rodentia,Cricetidae,Peromyscus,maniculatus,Deer mouse,49.0,,24.0,22.0,5.0,3.0,27.0,2.0,20.5,8.3,captivity,medium,acceptable,0.219,20.5,309.75,0.0493552149667928,0.010682926829268293
2112,2127,Animalia,Chordata,Mammalia,Carnivora,Felidae,Panthera,leo,Lion,1095.0,1095.0,109.0,,3.0,1.0,649.0,1300.0,175000.0,28.0,captivity,large,acceptable,94.58,98000.0,311.05,-0.0489482639561733,0.0009651020408163265
2964,2984,Animalia,Chordata,Mammalia,Rodentia,Gliridae,Graphiurus,murinus,Woodland dormouse,,,24.0,,3.0,2.0,,3.5,24.0,6.9,captivity,medium,acceptable,0.225,38.4,,-0.0417813084965402,0.005859375
2091,2106,Animalia,Chordata,Mammalia,Carnivora,Felidae,Acinonyx,jubatus,Cheetah,456.0,456.0,88.0,107.0,3.0,0.7,537.0,489.0,53500.0,20.5,captivity,large,high,61.77,38446.1,312.15,-0.1023462310020313,0.0016066649152970004
2865,2885,Animalia,Chordata,Mammalia,Rodentia,Cricetidae,Mesocricetus,auratus,Golden hamster,48.0,48.0,16.0,20.0,9.0,3.0,,2.45,105.0,3.9,captivity,medium,acceptable,0.69,108.2,311.25,-0.3916947676762576,0.006377079482439926
2481,2499,Animalia,Chordata,Mammalia,Didelphimorphia,Didelphidae,Marmosa,robinsoni,Robinson's mouse opossum,279.0,365.0,14.0,68.0,10.0,1.5,134.0,0.1,75.0,5.0,captivity,small,acceptable,0.547,122.0,307.15,-0.2605063478049106,0.004483606557377049
2614,2632,Animalia,Chordata,Mammalia,Peramelemorphia,Peramelidae,Perameles,gunnii,Eastern barred bandicoot,91.0,152.0,12.0,60.0,2.0,3.8,65.0,0.25,766.0,6.1,captivity,medium,acceptable,1.902,695.0,308.35,-0.3349402327742109,0.002736690647482014
3200,3220,Animalia,Chordata,Mammalia,Soricomorpha,Soricidae,Neomys,fodiens,Eurasian water shrew,106.0,106.0,20.0,32.0,5.0,1.8,71.0,0.78,15.0,3.1,captivity,small,acceptable,0.328,16.0,310.45,-0.3567456502620242,0.0205
2968,2988,Animalia,Chordata,Mammalia,Rodentia,Heteromyidae,Chaetodipus,formosus,Long-tailed pocket mouse,365.0,365.0,28.0,25.0,5.0,1.0,,1.0,19.0,7.1,captivity,small,acceptable,0.103,15.1,,-0.0132064972867427,0.006821192052980133
2764,2784,Animalia,Chordata,Mammalia,Primates,Galagidae,Otolemur,crassicaudatus,"Brown greater galago, or Greater galago",495.0,639.0,130.0,138.0,1.5,1.0,119.0,43.2,1094.5,22.7,captivity,medium,acceptable,2.595,993.5,309.75,0.2110612418202926,0.0026119778560644187
3115,3135,Animalia,Chordata,Mammalia,Rodentia,Sciuridae,Heliosciurus,rufobrachium,Red-legged sun squirrel,,,,,2.7,,,,326.5,8.7,captivity,small,acceptable,0.744,230.0,309.15,-0.1217425314484248,0.0032347826086956523
2567,2585,Animalia,Chordata,Mammalia,Erinaceomorpha,Erinaceidae,Erinaceus,europaeus,Western European hedgehog,253.0,253.0,30.0,42.0,1.5,1.6,,14.7,750.0,11.7,captivity,medium,acceptable,2.434,1213.5,307.15,-0.0506235195001107,0.0020057684384013185
2229,2244,Animalia,Chordata,Mammalia,Carnivora,Procyonidae,Potos,flavus,Kinkajou,820.0,550.0,115.0,119.0,1.0,1.0,365.0,175.0,3000.0,38.4,captivity,medium,acceptable,4.294,2318.0,309.25,0.3695938009998374,0.0018524590163934425
2911,2931,Animalia,Chordata,Mammalia,Rodentia,Cricetidae,Sigmodon,hispidus,Hispid cotton rat,40.0,40.0,27.0,15.0,5.0,6.7,,6.2,185.0,5.2,captivity,medium,acceptable,1.085,159.6,311.25,-0.3059491566402876,0.006798245614035088
2356,2374,Animalia,Chordata,Mammalia,Chiroptera,Pteropodidae,Rousettus,aegyptiacus,Egyptian rousette,365.0,365.0,116.0,122.0,1.0,2.0,,21.06,125.0,22.9,wild,large,acceptable,0.684,146.0,307.95,0.3650112969193515,0.004684931506849316
2801,2821,Animalia,Chordata,Mammalia,Primates,Lorisidae,Nycticebus,coucang,Slow loris,578.0,,188.0,177.0,1.0,1.0,492.0,48.2,890.5,25.8,captivity,medium,acceptable,1.504,1128.6,308.55,0.2809284368457767,0.0013326244905192274
2433,2451,Animalia,Chordata,Mammalia,Dasyuromorphia,Dasyuridae,Antechinus,flavipes,Yellow-footed antechinus,345.0,,25.0,90.0,7.0,1.0,365.0,,45.0,3.9,captivity,small,acceptable,0.252,46.5,308.15,-0.3330639118348235,0.005419354838709678
2973,2993,Animalia,Chordata,Mammalia,Rodentia,Heteromyidae,Dipodomys,merriami,Merriam's kangaroo rat,102.0,,28.0,20.0,2.3,1.6,54.0,2.92,42.0,9.7,captivity,medium,acceptable,0.246,37.6,310.15,0.0674173465474101,0.006542553191489361
2145,2160,Animalia,Chordata,Mammalia,Carnivora,Hyaenidae,Hyaena,hyaena,Striped hyena,800.0,800.0,90.0,279.0,2.5,,237.0,700.0,40000.0,25.0,captivity,medium,acceptable,31.954,34300.0,310.15,0.0039626888426063,0.0009316034985422741
2441,2459,Animalia,Chordata,Mammalia,Dasyuromorphia,Dasyuridae,Dasyurus,geoffroii,Western quoll,365.0,,16.0,158.0,6.0,1.0,365.0,0.011,890.0,6.2,captivity,small,acceptable,2.991,1326.7,309.35,-0.3382607155601462,0.002254465968191754
2351,2369,Animalia,Chordata,Mammalia,Chiroptera,Pteropodidae,Pteropus,pumilus,Little golden-mantled flying fox,,,,,,2.0,,,200.0,17.2,captivity,medium,acceptable,0.705,194.2,309.25,0.2081812063495138,0.0036302780638516993
2331,2349,Animalia,Chordata,Mammalia,Chiroptera,Phyllostomidae,Platyrrhinus,lineatus,White-lined broad-nosed bat,,,106.0,,1.0,2.0,,8.3,22.0,13.0,captivity,small,acceptable,0.25,21.9,309.55,0.2393339189450809,0.011415525114155252
2870,2890,Animalia,Chordata,Mammalia,Rodentia,Cricetidae,Microtus,guentheri,Guenther's vole,60.0,95.0,21.0,18.0,6.0,3.3,29.0,3.0,51.6,3.9,captivity,small,acceptable,0.447,43.8,311.45,-0.3425342190167648,0.010205479452054795
2024,2039,Animalia,Chordata,Mammalia,Artiodactyla,Cervidae,Rangifer,tarandus,"Caribou, or Reindeer",662.0,680.0,228.0,,1.0,1.0,365.0,6500.0,101250.0,21.8,captivity,large,high,119.66,85000.0,310.35,-0.1197854199813774,0.001407764705882353
2987,3007,Animalia,Chordata,Mammalia,Rodentia,Hystricidae,Hystrix,africaeaustralis,Cape porcupine,375.0,390.0,94.0,77.0,2.1,1.7,379.0,351.0,24000.0,23.1,captivity,medium,acceptable,13.175,11300.0,310.65,0.0049824933423199,0.001165929203539823
2667,2686,Animalia,Chordata,Mammalia,Primates,Callitrichidae,Cebuella,pygmaea,Pygmy marmoset,684.0,638.0,125.0,91.0,2.0,,171.0,16.0,124.0,18.6,captivity,large,high,0.599,110.7,308.35,0.275244564639567,0.005411020776874435
3191,3211,Animalia,Chordata,Mammalia,Soricomorpha,Soricidae,Blarina,brevicauda,Northern short-tailed shrew,46.0,65.0,17.0,23.0,6.0,3.0,,1.34,21.6,2.2,captivity,small,acceptable,0.344,20.9,,-0.5309170388362977,0.01645933014354067
2573,2591,Animalia,Chordata,Mammalia,Hyracoidea,Procaviidae,Procavia,capensis,Rock hyrax,500.0,500.0,215.0,116.0,3.0,1.0,365.0,205.0,3600.0,14.8,captivity,medium,acceptable,4.954,2458.0,310.15,-0.0570918957538393,0.002015459723352319
2231,2246,Animalia,Chordata,Mammalia,Carnivora,Procyonidae,Procyon,lotor,Common raccoon,365.0,365.0,63.0,91.0,4.0,1.0,365.0,80.0,6000.0,21.0,captivity,large,acceptable,10.428,4842.2,311.15,0.0595178503055155,0.0021535665606542483
2569,2587,Animalia,Chordata,Mammalia,Erinaceomorpha,Erinaceidae,Paraechinus,aethiopicus,Desert hedgehog,,,37.0,50.0,3.0,1.0,,8.5,188.0,6.3,captivity,small,acceptable,0.63,451.5,307.35,-0.2237250706199312,0.0013953488372093023
2437,2455,Animalia,Chordata,Mammalia,Dasyuromorphia,Dasyuridae,Antechinus,swainsonii,Dusky antechinus,330.0,,28.0,94.0,8.0,1.0,365.0,,41.0,3.3,captivity,small,acceptable,0.351,66.9,309.15,-0.3991729585921041,0.005246636771300448
3001,3021,Animalia,Chordata,Mammalia,Rodentia,Muridae,Apodemus,flavicollis,Yellow-necked mouse,52.0,52.0,26.0,22.0,5.5,2.8,39.0,2.4,29.4,4.5,captivity,small,acceptable,0.365,28.3,309.85,-0.2414608754446079,0.012897526501766784
2936,2956,Animalia,Chordata,Mammalia,Rodentia,Dipodidae,Jaculus,jaculus,Lesser Egyptian jerboa,327.0,137.0,38.0,51.0,3.0,1.5,91.0,2.0,55.0,7.3,captivity,medium,acceptable,0.515,75.0,310.65,-0.0746915602252221,0.006866666666666667
2559,2577,Animalia,Chordata,Mammalia,Diprotodontia,Vombatidae,Lasiorhinus,latifrons,Southern hairy-nosed wombat,547.0,547.0,21.0,312.0,1.0,,365.0,0.5,25500.0,29.9,captivity,medium,acceptable,16.001,27348.2,308.45,0.1128466322148442,0.000585084210295376
2534,2552,Animalia,Chordata,Mammalia,Diprotodontia,Petauridae,Gymnobelideus,leadbeateri,Leadbeater's possum,475.0,464.0,16.0,115.0,1.5,2.0,183.0,,127.0,14.1,captivity,tiny,acceptable,0.574,166.0,308.15,0.1532965318657368,0.0034578313253012046
2189,2204,Animalia,Chordata,Mammalia,Carnivora,Mustelidae,Taxidea,taxus,American badger,183.0,441.0,41.0,56.0,3.0,0.7,365.0,93.5,8000.0,25.0,captivity,small,acceptable,15.062,9000.0,311.15,0.1153316968872388,0.0016735555555555555
3045,3065,Animalia,Chordata,Mammalia,Rodentia,Muridae,Notomys,alexis,Spinifex hopping mouse,75.0,75.0,35.0,30.0,3.9,,33.0,2.83,35.0,6.4,captivity,medium,acceptable,0.252,32.3,311.15,-0.1005582259538439,0.0078018575851393195
2167,2182,Animalia,Chordata,Mammalia,Carnivora,Mustelidae,Martes,americana,American marten,365.0,365.0,28.0,46.0,3.0,1.0,365.0,30.0,884.0,17.8,captivity,tiny,acceptable,3.579,966.5,311.15,0.1202356765234236,0.003703052250387998
2905,2925,Animalia,Chordata,Mammalia,Rodentia,Cricetidae,Podomys,floridanus,Florida mouse,40.0,,23.0,25.0,2.5,,33.0,2.4,32.0,7.4,captivity,small,acceptable,0.288,30.8,,-0.0313055468592143,0.009350649350649349
2518,2536,Animalia,Chordata,Mammalia,Diprotodontia,Macropodidae,Macropus,rufus,Red kangaroo,517.0,806.0,33.0,360.0,1.0,,241.0,0.784,55000.0,25.0,captivity,large,high,31.353,28500.0,309.05,-0.0180734989896691,0.0011001052631578949
2458,2476,Animalia,Chordata,Mammalia,Dasyuromorphia,Dasyuridae,Sarcophilus,harrisii,Tasmanian devil,730.0,730.0,26.0,243.0,3.0,1.0,365.0,0.0235,6500.0,13.0,captivity,medium,acceptable,8.664,6126.8,308.95,-0.154296843809929,0.0014141150355813802
3041,3061,Animalia,Chordata,Mammalia,Rodentia,Muridae,Mus,minutoides,"Southern African pygmy mouse, or Pygmy mouse",60.0,77.0,20.0,21.0,4.3,4.0,31.0,0.97,7.2,4.3,captivity,medium,acceptable,0.129,8.0,309.45,-0.1638500893138917,0.016125
2845,2865,Animalia,Chordata,Mammalia,Rodentia,Chinchillidae,Chinchilla,lanigera,Long-tailed chinchilla,240.0,240.0,111.0,,2.0,2.0,,35.0,642.5,17.2,captivity,large,acceptable,1.31,436.7,307.85,0.1274243541553128,0.0029997710098465767
2386,2404,Animalia,Chordata,Mammalia,Chiroptera,Vespertilionidae,Myotis,lucifugus,Little brown bat,210.0,210.0,55.0,25.0,1.0,1.0,365.0,1.96,10.0,34.0,wild,medium,acceptable,0.051,5.8,305.15,0.7114287266502735,0.008793103448275863
2354,2372,Animalia,Chordata,Mammalia,Chiroptera,Pteropodidae,Pteropus,vampyrus,Large flying fox,,,,,1.0,1.0,,,872.0,20.9,captivity,medium,acceptable,4.486,1024.3,310.05,0.1909077261459137,0.004379576296007029
2315,2333,Animalia,Chordata,Mammalia,Chiroptera,Molossidae,Tadarida,brasiliensis,Brazilian free-tailed bat,273.0,547.0,78.0,,1.0,1.0,365.0,2.8,12.5,12.0,captivity,tiny,acceptable,0.117,13.3,309.15,0.2436900897324313,0.008796992481203008
3132,3152,Animalia,Chordata,Mammalia,Rodentia,Sciuridae,Poliocitellus,franklinii,Franklin's ground squirrel,327.0,327.0,28.0,42.0,7.5,1.0,,9.0,459.0,7.2,captivity,small,acceptable,2.19,607.0,,-0.2274993429530496,0.0036079077429983526
3036,3056,Animalia,Chordata,Mammalia,Rodentia,Muridae,Micaelamys,namaquensis,"Namaqua rock rat, or Rock mouse",,,22.0,24.0,3.8,2.0,,2.5,47.6,4.7,captivity,small,acceptable,0.292,62.6,309.95,-0.2559175007760612,0.0046645367412140575
2852,2872,Animalia,Chordata,Mammalia,Rodentia,Cricetidae,Arvicola,amphibius,European water vole,51.0,45.0,21.0,14.0,5.1,3.2,32.0,5.0,120.0,2.5,captivity,tiny,acceptable,0.613,94.7,310.65,-0.5940593986063906,0.006473072861668427
2151,2166,Animalia,Chordata,Mammalia,Carnivora,Mephitidae,Spilogale,putorius,Eastern spotted skunk,152.0,152.0,31.0,50.0,5.0,1.5,243.0,9.5,600.0,10.5,captivity,small,acceptable,1.674,624.0,309.55,-0.0821791162531226,0.0026826923076923074
3171,3191,Animalia,Chordata,Mammalia,Rodentia,Sciuridae,Xerospermophilus,tereticaudus,Round-tailed ground squirrel,325.0,325.0,28.0,39.0,5.4,1.0,,3.9,163.3,8.9,captivity,tiny,acceptable,0.501,125.1,309.45,-0.0639289468240953,0.0040047961630695445
2862,2882,Animalia,Chordata,Mammalia,Rodentia,Cricetidae,Lasiopodomys,brandtii,Brandt's vole,61.0,,,,6.0,2.7,,1.9,40.0,4.1,captivity,small,acceptable,0.428,40.2,,-0.3031943757936669,0.010646766169154227
2800,2820,Animalia,Chordata,Mammalia,Primates,Lorisidae,Loris,tardigradus,"Red slender loris, or Slender loris",380.0,365.0,166.0,150.0,1.3,1.5,288.0,11.0,238.2,21.6,captivity,small,acceptable,0.714,284.0,308.65,0.2950112596911227,0.0025140845070422534
2597,2615,Animalia,Chordata,Mammalia,Macroscelidea,Macroscelididae,Elephantulus,rozeti,North African elephant shrew,,,76.0,,2.5,2.0,,,48.0,7.2,captivity,small,acceptable,0.288,49.0,310.25,-0.0712619238632374,0.005877551020408163
2785,2805,Animalia,Chordata,Mammalia,Primates,Indriidae,Propithecus,verreauxi,Verreaux's sifaka,912.0,912.0,148.0,150.0,1.0,1.0,537.0,72.25,5000.0,31.0,wild,medium,acceptable,3.738,3350.0,309.15,0.2412764371869724,0.001115820895522388
3017,3037,Animalia,Chordata,Mammalia,Rodentia,Muridae,Gerbillus,perpallidus,Pale gerbil,93.0,,20.0,,4.5,,,2.24,50.0,5.5,captivity,medium,acceptable,0.261,56.3,,-0.1910565089423703,0.004635879218472469
3196,3216,Animalia,Chordata,Mammalia,Soricomorpha,Soricidae,Crocidura,suaveolens,Lesser shrew,175.0,365.0,27.0,25.0,4.0,3.5,,0.53,7.7,2.8,captivity,small,acceptable,0.112,6.9,308.25,-0.3548063824599431,0.016231884057971015
2123,2138,Animalia,Chordata,Mammalia,Carnivora,Felidae,Puma,yagouaroundi,Jaguarundi,803.0,,73.0,,2.0,2.0,182.0,,7000.0,18.6,captivity,small,acceptable,9.69,8400.0,311.55,-0.0038553349912111,0.0011535714285714285
2110,2125,Animalia,Chordata,Mammalia,Carnivora,Felidae,Lynx,rufus,Bobcat,365.0,730.0,65.0,65.0,3.0,0.9,365.0,265.0,8600.0,32.3,captivity,medium,acceptable,23.446,9400.0,,0.2215898047975457,0.0024942553191489364
2541,2559,Animalia,Chordata,Mammalia,Diprotodontia,Phalangeridae,Spilocuscus,maculatus,"Common spotted cuscus, or Spotted cuscus",222.0,243.0,13.0,240.0,2.0,,365.0,,3500.0,17.0,captivity,tiny,acceptable,6.27,4250.0,307.85,0.0050446632298568,0.0014752941176470588
2894,2914,Animalia,Chordata,Mammalia,Rodentia,Cricetidae,Peromyscus,eremicus,Cactus mouse,129.0,,26.0,25.0,2.6,3.5,39.0,2.33,25.0,7.4,captivity,medium,acceptable,0.173,21.0,309.75,-0.0142234576449276,0.008238095238095237
2714,2734,Animalia,Chordata,Mammalia,Primates,Cercopithecidae,Erythrocebus,patas,Patas monkey,956.0,1400.0,167.0,162.0,1.0,1.0,357.0,504.5,7750.0,30.0,captivity,medium,acceptable,5.958,3000.0,312.45,0.1967098720681257,0.001986
2948,2968,Animalia,Chordata,Mammalia,Rodentia,Echimyidae,Thrichomys,apereoides,"Common punare, or Brazilian spiny rat",178.0,,94.0,46.0,3.1,2.5,97.0,21.1,373.5,7.0,captivity,small,acceptable,1.153,323.0,310.75,-0.2254699752897059,0.0035696594427244584
2527,2545,Animalia,Chordata,Mammalia,Diprotodontia,Macropodidae,Setonix,brachyurus,Quokka,252.0,389.0,26.0,190.0,1.0,1.4,365.0,0.404,3500.0,13.8,captivity,small,acceptable,4.695,2702.3,,-0.0855251717471805,0.0017374088739222143
3008,3028,Animalia,Chordata,Mammalia,Rodentia,Muridae,Conilurus,penicillatus,Brush-tailed rabbit rat,,,35.0,31.0,2.0,,,,144.0,4.5,captivity,small,acceptable,0.908,213.2,309.05,-0.3514030812841879,0.00425891181988743
3220,3240,Animalia,Chordata,Mammalia,Soricomorpha,Talpidae,Scalopus,aquaticus,Eastern mole,335.0,335.0,36.0,36.0,3.0,1.0,,5.355,90.0,6.2,wild,medium,acceptable,0.378,48.0,309.15,-0.1797008504237792,0.007875
2020,2035,Animalia,Chordata,Mammalia,Artiodactyla,Cervidae,Odocoileus,virginianus,White-tailed deer,309.0,417.0,198.0,129.0,2.0,1.0,304.0,3000.0,87000.0,23.0,captivity,large,high,123.447,61862.5,312.15,-0.08601789011293,0.001995506162861184
2472,2490,Animalia,Chordata,Mammalia,Didelphimorphia,Didelphidae,Chironectes,minimus,Water opossum (yapok),304.0,,,,4.0,,365.0,,700.0,3.1,captivity,small,acceptable,2.793,940.5,308.15,-0.6226735562695118,0.00296969696969697
2113,2128,Animalia,Chordata,Mammalia,Carnivora,Felidae,Panthera,onca,Jaguar,730.0,730.0,99.0,126.0,2.0,0.5,365.0,820.0,81150.0,28.0,captivity,large,high,62.419,50400.0,310.15,0.0042290587487103,0.0012384722222222222
3187,3207,Animalia,Chordata,Mammalia,Sirenia,Trichechidae,Trichechus,inunguis,Amazonian manatee,1096.0,1096.0,328.0,548.0,1.0,0.5,,12500.0,480000.0,40.0,captivity,small,acceptable,55.015,167594.0,,0.0361334546120843,0.0003282635416542358
2397,2415,Animalia,Chordata,Mammalia,Chiroptera,Vespertilionidae,Myotis,yumanensis,Yuma myotis,365.0,365.0,,,1.0,1.0,365.0,0.79,6.25,14.0,wild,medium,acceptable,0.047,5.0,,0.3586009004237548,0.0094
2476,2494,Animalia,Chordata,Mammalia,Didelphimorphia,Didelphidae,Didelphis,virginiana,Virginia opossum,184.0,243.0,12.0,102.0,15.0,2.0,122.0,0.147,3000.0,6.6,captivity,medium,acceptable,5.299,2846.6,308.15,-0.3951934878258246,0.001861519005128926
2345,2363,Animalia,Chordata,Mammalia,Chiroptera,Pteropodidae,Pteropus,hypomelanus,Variable flying fox,378.0,365.0,156.0,,1.0,1.0,,,450.0,20.3,captivity,medium,acceptable,1.618,520.8,308.85,0.2240344899465474,0.0031067588325652848
2081,2096,Animalia,Chordata,Mammalia,Carnivora,Canidae,Vulpes,macrotis,Kit fox,365.0,365.0,54.0,,4.0,,365.0,40.0,2500.0,15.8,captivity,small,acceptable,4.928,1769.0,311.15,-0.0034641486321671,0.0027857546636517808
2323,2341,Animalia,Chordata,Mammalia,Chiroptera,Phyllostomidae,Desmodus,rotundus,Vampire bat,285.0,285.0,189.0,274.0,1.0,2.0,289.0,8.0,33.2,29.2,captivity,medium,acceptable,0.194,29.4,308.15,0.5622981515977186,0.006598639455782314
2550,2568,Animalia,Chordata,Mammalia,Diprotodontia,Potoroidae,Bettongia,penicillata,Woylie,180.0,,18.0,150.0,1.0,3.0,102.0,0.29,1500.0,18.8,captivity,medium,acceptable,3.132,1018.0,310.35,0.1073844469566969,0.003076620825147348
2391,2409,Animalia,Chordata,Mammalia,Chiroptera,Vespertilionidae,Myotis,nigricans,Black myotis,98.0,98.0,55.0,38.0,1.0,2.0,,1.0,4.2,7.0,wild,medium,acceptable,0.027,3.7,307.15,0.0850766814007651,0.0072972972972972965
2322,2340,Animalia,Chordata,Mammalia,Chiroptera,Phyllostomidae,Carollia,perspicillata,Seba's short-tailed bat,258.0,258.0,95.0,,1.0,2.0,159.0,5.0,15.0,17.0,captivity,large,high,0.24,14.9,309.55,0.3823415772819769,0.01610738255033557
2080,2095,Animalia,Chordata,Mammalia,Carnivora,Canidae,Vulpes,lagopus,Arctic fox,304.0,304.0,52.0,51.0,9.0,1.0,365.0,70.0,5200.0,16.3,captivity,medium,acceptable,7.665,3600.0,311.75,-0.040611625789596,0.002129166666666667
2142,2157,Animalia,Chordata,Mammalia,Carnivora,Herpestidae,Suricata,suricatta,Meerkat,365.0,365.0,77.0,,4.0,1.0,365.0,29.0,776.0,20.6,captivity,large,high,1.729,850.0,309.45,0.1926996373388674,0.002034117647058824
2300,2317,Animalia,Chordata,Mammalia,Cetacea,Phocoenidae,Phocoena,phocoena,Harbor porpoise,1055.0,1461.0,320.0,243.0,1.0,1.0,365.0,7000.0,52500.0,20.4,captivity,small,acceptable,107.675,28500.0,,-0.1031642735321767,0.0037780701754385965
1880,1894,Animalia,Chordata,Mammalia,Afrosoricida,Tenrecidae,Tenrec,ecaudatus,"Tailess tenrec, or Tenrec",182.0,,58.0,27.0,18.0,1.5,,21.0,900.0,8.7,captivity,small,acceptable,0.729,650.0,306.15,-0.1919063164087575,0.0011215384615384616
2787,2807,Animalia,Chordata,Mammalia,Primates,Lemuridae,Eulemur,fulvus,Brown lemur,509.0,633.0,118.0,,1.1,2.0,548.0,73.0,2485.0,35.5,captivity,medium,acceptable,4.239,2374.1,309.65,0.3485235527593973,0.0017855187228844615
2061,2076,Animalia,Chordata,Mammalia,Carnivora,Canidae,Canis,mesomelas,Black-backed jackal,309.0,251.0,60.0,60.0,4.0,1.0,274.0,159.0,10250.0,16.7,captivity,medium,acceptable,21.533,7720.0,311.15,-0.0770414725170163,0.0027892487046632126
3083,3103,Animalia,Chordata,Mammalia,Rodentia,Nesomyidae,Mystromys,albicaudatus,White-tailed mouse,109.0,,38.0,32.0,3.0,,36.0,6.5,106.0,6.3,captivity,small,acceptable,0.707,93.8,306.15,-0.1840747302105104,0.0075373134328358205
3193,3213,Animalia,Chordata,Mammalia,Soricomorpha,Soricidae,Crocidura,flavescens,Greater red musk shrew,,,25.0,,3.3,,,2.26,45.0,2.2,captivity,small,acceptable,0.248,33.2,,-0.5817058380391165,0.007469879518072289
